"Rk","Team","Conf","Div","W","L","W/L%","MOV","ORtg","DRtg","NRtg","MOV/A","ORtg/A","DRtg/A","NRtg/A","season"
"1","San Antonio Spurs","W","SW","62","20",".756","7.72","111.09","102.93","8.16","7.99","110.98","102.53","8.45","2014"
"2","Los Angeles Clippers","W","P","57","25",".695","6.98","112.89","105.64","7.25","7.27","112.88","105.33","7.56","2014"
"3","Oklahoma City Thunder","W","NW","59","23",".720","6.34","111.32","104.60","6.71","6.65","111.29","104.26","7.04","2014"
"4","Golden State Warriors","W","P","51","31",".622","4.80","108.05","103.07","4.98","5.15","107.93","102.59","5.34","2014"
"5","Houston Rockets","W","SW","54","28",".659","4.56","111.72","107.07","4.65","5.06","111.82","106.65","5.17","2014"
"6","Miami Heat","E","SE","54","28",".659","4.76","112.13","106.75","5.38","4.15","112.15","107.42","4.73","2014"
"7","Portland Trail Blazers","W","NW","54","28",".659","3.99","112.03","107.80","4.22","4.43","112.17","107.49","4.68","2014"
"8","Indiana Pacers","E","C","56","26",".683","4.40","104.70","100.05","4.65","3.63","104.25","100.42","3.83","2014"
"9","Dallas Mavericks","W","SW","49","33",".598","2.40","111.95","109.24","2.71","2.90","112.16","108.95","3.21","2014"
"10","Minnesota Timberwolves","W","NW","40","42",".488","2.67","109.41","106.70","2.70","3.10","109.40","106.25","3.15","2014"
"11","Phoenix Suns","W","P","48","34",".585","2.63","110.26","107.54","2.72","3.02","110.35","107.23","3.12","2014"
"12","Toronto Raptors","E","A","48","34",".585","3.24","109.77","106.15","3.62","2.55","109.65","106.76","2.89","2014"
"13","Memphis Grizzlies","W","SW","50","32",".610","1.57","107.12","105.47","1.66","2.17","107.18","104.89","2.29","2014"
"14","Chicago Bulls","E","C","48","34",".585","1.85","103.49","101.40","2.09","1.19","103.12","101.72","1.40","2014"
"15","Washington Wizards","E","SE","44","38",".537","1.27","106.75","105.45","1.30","0.47","106.46","105.99","0.47","2014"
"16","Atlanta Hawks","E","SE","38","44",".463","-0.48","106.71","107.26","-0.56","-0.88","106.74","107.71","-0.97","2014"
"17","Charlotte Bobcats","E","SE","43","39",".524","-0.22","104.31","104.61","-0.29","-0.89","104.04","105.03","-0.99","2014"
"18","New York Knicks","E","A","37","45",".451","-0.79","109.27","109.97","-0.70","-1.40","109.25","110.58","-1.33","2014"
"19","Denver Nuggets","W","NW","36","46",".439","-2.15","106.59","108.79","-2.20","-1.40","106.75","108.17","-1.43","2014"
"20","Brooklyn Nets","E","A","44","38",".537","-1.00","107.42","108.63","-1.21","-1.58","107.36","109.16","-1.80","2014"
"21","New Orleans Pelicans","W","SW","34","48",".415","-2.71","107.98","110.90","-2.92","-1.98","108.18","110.35","-2.16","2014"
"22","Sacramento Kings","W","P","28","54",".341","-2.90","106.22","109.46","-3.24","-2.08","106.39","108.77","-2.37","2014"
"23","Cleveland Cavaliers","E","C","33","49",".402","-3.29","104.95","108.52","-3.56","-3.86","104.92","109.07","-4.16","2014"
"24","Detroit Pistons","E","C","29","53",".354","-3.66","106.60","110.51","-3.92","-4.14","106.66","111.07","-4.41","2014"
"25","Los Angeles Lakers","W","P","27","55",".329","-6.29","104.89","111.01","-6.13","-5.33","105.23","110.38","-5.15","2014"
"26","Boston Celtics","E","A","25","57",".305","-4.46","103.82","108.63","-4.81","-4.98","103.69","109.03","-5.34","2014"
"27","Orlando Magic","E","SE","23","59",".280","-5.44","102.14","108.10","-5.96","-5.88","102.06","108.48","-6.41","2014"
"28","Utah Jazz","W","NW","25","57",".305","-7.17","104.15","112.00","-7.85","-6.27","104.43","111.32","-6.89","2014"
"29","Milwaukee Bucks","E","C","15","67",".183","-8.18","103.67","112.67","-9.00","-8.41","103.88","113.10","-9.23","2014"
"30","Philadelphia 76ers","E","A","19","63",".232","-10.45","100.09","110.53","-10.44","-10.66","100.11","110.79","-10.68","2014"
"1","Golden State Warriors","W","P","67","15",".817","10.10","112.18","101.86","10.32","10.01","111.90","101.67","10.23","2015"
"2","Los Angeles Clippers","W","P","56","26",".683","6.59","113.21","106.22","6.98","6.80","113.35","106.14","7.21","2015"
"3","San Antonio Spurs","W","SW","55","27",".671","6.20","109.25","102.61","6.64","6.34","109.09","102.30","6.79","2015"
"4","Atlanta Hawks","E","SE","60","22",".732","5.43","110.00","103.98","6.02","4.75","109.85","104.56","5.29","2015"
"5","Portland Trail Blazers","W","NW","51","31",".622","4.23","108.81","104.30","4.50","4.41","108.72","104.03","4.69","2015"
"6","Cleveland Cavaliers","E","C","53","29",".646","4.48","111.93","107.13","4.80","4.08","111.97","107.58","4.39","2015"
"7","Houston Rockets","W","SW","56","26",".683","3.44","107.87","104.26","3.61","3.82","107.86","103.85","4.01","2015"
"8","Memphis Grizzlies","W","SW","55","27",".671","3.24","106.44","102.90","3.55","3.62","106.35","102.41","3.94","2015"
"9","Dallas Mavericks","W","SW","50","32",".610","2.90","110.30","107.14","3.16","3.36","110.51","106.87","3.64","2015"
"10","Chicago Bulls","E","C","50","32",".610","3.00","108.48","105.11","3.37","2.54","108.42","105.53","2.88","2015"
"11","Toronto Raptors","E","A","49","33",".598","3.07","112.06","108.69","3.37","2.45","112.07","109.35","2.72","2015"
"12","Oklahoma City Thunder","W","NW","45","37",".549","2.18","108.41","106.18","2.24","2.47","108.42","105.89","2.54","2015"
"13","New Orleans Pelicans","W","SW","45","37",".549","0.79","108.95","108.15","0.80","1.13","109.04","107.88","1.16","2015"
"14","Utah Jazz","W","NW","38","44",".463","0.22","106.19","105.91","0.28","0.71","106.23","105.43","0.79","2015"
"15","Washington Wizards","E","SE","46","36",".561","0.72","104.56","103.73","0.83","0.17","104.38","104.13","0.25","2015"
"16","Indiana Pacers","E","C","38","44",".463","0.28","104.44","104.04","0.40","-0.22","104.34","104.48","-0.14","2015"
"17","Milwaukee Bucks","E","C","41","41",".500","0.43","103.57","103.18","0.38","-0.09","103.33","103.49","-0.16","2015"
"18","Phoenix Suns","W","P","39","43",".476","-0.90","105.93","106.85","-0.92","-0.38","105.97","106.34","-0.37","2015"
"19","Boston Celtics","E","A","40","42",".488","0.16","105.32","105.17","0.15","-0.40","105.14","105.58","-0.44","2015"
"20","Detroit Pistons","E","C","32","50",".390","-1.00","106.22","107.35","-1.14","-1.39","106.23","107.77","-1.54","2015"
"21","Denver Nuggets","W","NW","30","52",".366","-3.55","105.11","108.68","-3.57","-3.07","105.16","108.22","-3.07","2015"
"22","Sacramento Kings","W","P","29","53",".354","-3.71","106.01","109.95","-3.94","-3.07","106.24","109.51","-3.27","2015"
"23","Brooklyn Nets","E","A","38","44",".463","-2.88","105.15","108.19","-3.05","-3.13","105.17","108.48","-3.31","2015"
"24","Miami Heat","E","SE","37","45",".451","-2.60","104.86","107.91","-3.05","-2.92","104.99","108.36","-3.37","2015"
"25","Charlotte Hornets","E","SE","33","49",".402","-3.17","100.92","104.44","-3.52","-3.44","100.75","104.55","-3.79","2015"
"26","Orlando Magic","E","SE","25","57",".305","-5.72","102.26","108.34","-6.07","-5.87","102.30","108.54","-6.23","2015"
"27","Los Angeles Lakers","W","P","21","61",".256","-6.84","104.07","111.44","-7.36","-6.17","104.26","110.90","-6.65","2015"
"28","Minnesota Timberwolves","W","NW","16","66",".195","-8.79","103.63","112.98","-9.36","-8.00","103.98","112.50","-8.52","2015"
"29","Philadelphia 76ers","E","A","18","64",".220","-8.98","96.40","105.70","-9.31","-9.04","96.30","105.67","-9.38","2015"
"30","New York Knicks","E","A","17","65",".207","-9.32","100.89","111.01","-10.13","-9.49","101.06","111.36","-10.30","2015"
"1","San Antonio Spurs","W","SW","67","15",".817","10.63","111.04","99.55","11.49","10.28","110.59","99.49","11.10","2016"
"2","Golden State Warriors","W","P","73","9",".890","10.76","115.18","104.32","10.86","10.38","115.01","104.53","10.49","2016"
"3","Oklahoma City Thunder","W","NW","55","27",".671","7.28","113.76","106.22","7.54","7.09","113.64","106.29","7.35","2016"
"4","Cleveland Cavaliers","E","C","57","25",".695","5.99","111.80","105.32","6.48","5.44","111.75","105.85","5.90","2016"
"5","Toronto Raptors","E","A","56","26",".683","4.50","111.11","106.16","4.95","4.08","111.18","106.68","4.50","2016"
"6","Los Angeles Clippers","W","P","53","29",".646","4.28","109.04","104.57","4.47","4.13","108.69","104.39","4.31","2016"
"7","Atlanta Hawks","E","SE","48","34",".585","3.61","105.75","102.00","3.75","3.49","105.74","102.12","3.62","2016"
"8","Boston Celtics","E","A","48","34",".585","3.21","107.30","104.10","3.20","2.84","107.24","104.43","2.81","2016"
"9","Charlotte Hornets","E","SE","48","34",".585","2.72","107.72","105.01","2.71","2.36","107.67","105.33","2.34","2016"
"10","Utah Jazz","W","NW","40","42",".488","1.80","106.83","104.78","2.04","1.86","106.57","104.48","2.09","2016"
"11","Indiana Pacers","E","C","45","37",".549","1.71","105.28","103.51","1.77","1.62","105.26","103.58","1.68","2016"
"12","Miami Heat","E","SE","48","34",".585","1.65","107.01","105.34","1.67","1.50","107.08","105.56","1.52","2016"
"13","Portland Trail Blazers","W","NW","44","38",".537","0.83","109.55","108.67","0.88","0.98","109.48","108.45","1.03","2016"
"14","Detroit Pistons","E","C","44","38",".537","0.61","106.78","106.19","0.59","0.43","106.88","106.48","0.40","2016"
"15","Houston Rockets","W","SW","41","41",".500","0.20","109.23","109.10","0.13","0.34","109.26","108.96","0.30","2016"
"16","Dallas Mavericks","W","SW","42","40",".512","-0.30","107.29","107.48","-0.19","-0.02","107.24","107.13","0.11","2016"
"17","Washington Wizards","E","SE","41","41",".500","-0.50","106.09","106.48","-0.39","-0.49","106.23","106.62","-0.39","2016"
"18","Chicago Bulls","E","C","42","40",".512","-1.48","105.85","107.28","-1.43","-1.46","106.02","107.44","-1.42","2016"
"19","Orlando Magic","E","SE","35","47",".427","-1.62","105.73","107.47","-1.74","-1.68","105.89","107.70","-1.80","2016"
"20","Memphis Grizzlies","W","SW","42","40",".512","-2.24","106.36","108.69","-2.33","-2.13","106.23","108.45","-2.22","2016"
"21","Sacramento Kings","W","P","33","49",".402","-2.48","106.57","109.07","-2.50","-2.31","106.44","108.77","-2.33","2016"
"22","Denver Nuggets","W","NW","33","49",".402","-3.10","106.22","109.47","-3.25","-2.81","106.24","109.17","-2.94","2016"
"23","New York Knicks","E","A","32","50",".390","-2.73","105.41","108.43","-3.03","-2.73","105.55","108.58","-3.02","2016"
"24","New Orleans Pelicans","W","SW","30","52",".366","-3.79","106.27","110.17","-3.89","-3.55","106.32","109.96","-3.63","2016"
"25","Minnesota Timberwolves","W","NW","29","53",".354","-3.54","107.17","111.02","-3.86","-3.38","107.17","110.86","-3.68","2016"
"26","Milwaukee Bucks","E","C","33","49",".402","-4.18","105.06","109.65","-4.59","-3.98","105.32","109.69","-4.37","2016"
"27","Phoenix Suns","W","P","23","59",".280","-6.66","102.94","109.80","-6.86","-6.32","102.95","109.45","-6.50","2016"
"28","Brooklyn Nets","E","A","21","61",".256","-7.35","103.74","111.60","-7.86","-7.11","104.06","111.66","-7.61","2016"
"29","Los Angeles Lakers","W","P","17","65",".207","-9.56","102.29","112.40","-10.12","-8.92","102.49","111.92","-9.43","2016"
"30","Philadelphia 76ers","E","A","10","72",".122","-10.23","99.65","110.15","-10.50","-9.92","99.83","110.01","-10.18","2016"
"1","Golden State Warriors","W","P","67","15",".817","11.63","116.26","104.57","11.69","11.35","116.02","104.61","11.41","2017"
"2","San Antonio Spurs","W","SW","61","21",".744","7.20","111.81","104.25","7.56","7.13","111.62","104.12","7.49","2017"
"3","Houston Rockets","W","SW","55","27",".671","5.77","115.59","109.96","5.63","5.84","115.70","109.98","5.72","2017"
"4","Los Angeles Clippers","W","P","51","31",".622","4.29","113.38","108.88","4.50","4.42","113.46","108.82","4.64","2017"
"5","Utah Jazz","W","NW","51","31",".622","3.94","110.46","106.19","4.27","4.00","110.31","105.98","4.33","2017"
"6","Toronto Raptors","E","A","51","31",".622","4.21","113.20","108.68","4.51","3.65","113.07","109.14","3.93","2017"
"7","Cleveland Cavaliers","E","C","51","31",".622","3.18","114.25","110.99","3.27","2.88","114.33","111.38","2.95","2017"
"8","Boston Celtics","E","A","53","29",".646","2.63","111.88","109.16","2.72","2.25","111.81","109.49","2.33","2017"
"9","Washington Wizards","E","SE","49","33",".598","1.80","111.98","110.06","1.92","1.36","111.96","110.49","1.46","2017"
"10","Oklahoma City Thunder","W","NW","47","35",".573","0.76","108.95","108.17","0.78","1.15","108.94","107.75","1.18","2017"
"11","Memphis Grizzlies","W","SW","43","39",".524","0.49","108.59","107.89","0.70","0.96","108.71","107.55","1.17","2017"
"12","Miami Heat","E","SE","41","41",".500","1.06","108.73","107.65","1.09","0.78","108.62","107.84","0.79","2017"
"13","Denver Nuggets","W","NW","40","42",".488","0.51","113.90","113.43","0.47","0.70","114.06","113.39","0.67","2017"
"14","Charlotte Hornets","E","SE","36","46",".439","0.20","109.57","109.31","0.25","-0.06","109.53","109.55","-0.02","2017"
"15","Chicago Bulls","E","C","41","41",".500","0.43","108.04","107.72","0.32","0.03","107.91","107.98","-0.08","2017"
"16","Portland Trail Blazers","W","NW","41","41",".500","-0.52","110.93","111.46","-0.53","-0.23","111.09","111.31","-0.22","2017"
"17","Milwaukee Bucks","E","C","42","40",".512","-0.18","109.92","110.16","-0.23","-0.44","109.96","110.46","-0.50","2017"
"18","Indiana Pacers","E","C","42","40",".512","-0.22","109.33","109.49","-0.16","-0.64","109.21","109.81","-0.60","2017"
"19","Minnesota Timberwolves","W","NW","31","51",".378","-1.11","111.54","112.74","-1.20","-0.63","111.75","112.46","-0.71","2017"
"20","Atlanta Hawks","E","SE","43","39",".524","-0.85","105.55","106.54","-0.99","-1.23","105.32","106.69","-1.37","2017"
"21","Detroit Pistons","E","C","37","45",".451","-1.12","106.53","107.90","-1.37","-1.29","106.39","107.93","-1.54","2017"
"22","New Orleans Pelicans","W","SW","34","48",".415","-2.10","105.81","108.01","-2.20","-1.69","105.79","107.57","-1.78","2017"
"23","Dallas Mavericks","W","SW","33","49",".402","-2.93","106.28","109.36","-3.08","-2.52","106.31","108.96","-2.65","2017"
"24","Sacramento Kings","W","P","32","50",".390","-3.88","107.98","112.18","-4.21","-3.29","108.12","111.72","-3.59","2017"
"25","New York Knicks","E","A","31","51",".378","-3.67","108.57","112.35","-3.77","-3.87","108.62","112.60","-3.98","2017"
"26","Phoenix Suns","W","P","24","58",".293","-5.63","107.32","112.79","-5.47","-5.14","107.43","112.41","-4.98","2017"
"27","Philadelphia 76ers","E","A","28","54",".341","-5.70","103.96","109.81","-5.85","-5.83","103.92","109.91","-5.99","2017"
"28","Los Angeles Lakers","W","P","26","56",".317","-6.88","106.69","113.72","-7.02","-6.29","106.96","113.38","-6.42","2017"
"29","Brooklyn Nets","E","A","20","62",".244","-6.73","104.61","111.34","-6.73","-6.74","104.63","111.37","-6.74","2017"
"30","Orlando Magic","E","SE","29","53",".354","-6.57","104.23","111.11","-6.88","-6.61","104.30","111.21","-6.92","2017"
"1","Houston Rockets","W","SW","65","17",".793","8.48","115.48","106.84","8.64","8.21","115.45","107.08","8.37","2018"
"2","Toronto Raptors","E","A","59","23",".720","7.78","114.60","106.56","8.03","7.30","114.50","106.96","7.54","2018"
"3","Golden State Warriors","W","P","58","24",".707","5.98","114.31","108.43","5.88","5.79","114.33","108.62","5.70","2018"
"4","Utah Jazz","W","NW","48","34",".585","4.30","109.07","104.56","4.51","4.47","108.92","104.24","4.68","2018"
"5","Philadelphia 76ers","E","A","52","30",".634","4.50","110.28","105.77","4.51","4.30","110.12","105.81","4.31","2018"
"6","Oklahoma City Thunder","W","NW","48","34",".585","3.41","111.48","108.02","3.47","3.42","111.50","108.03","3.47","2018"
"7","Boston Celtics","E","A","55","27",".671","3.59","108.40","104.65","3.75","3.24","108.14","104.75","3.39","2018"
"8","San Antonio Spurs","W","SW","47","35",".573","2.89","108.49","105.36","3.13","2.89","108.35","105.23","3.12","2018"
"9","Portland Trail Blazers","W","NW","49","33",".598","2.60","109.58","106.93","2.66","2.60","109.44","106.79","2.66","2018"
"10","Minnesota Timberwolves","W","NW","47","35",".573","2.23","114.24","111.86","2.38","2.35","114.41","111.91","2.50","2018"
"11","Denver Nuggets","W","NW","46","36",".561","1.48","113.02","111.40","1.62","1.57","113.21","111.50","1.71","2018"
"12","New Orleans Pelicans","W","SW","48","34",".585","1.30","110.29","109.05","1.24","1.48","110.37","108.95","1.42","2018"
"13","Indiana Pacers","E","C","48","34",".585","1.38","110.24","108.80","1.44","1.18","110.17","108.94","1.24","2018"
"14","Cleveland Cavaliers","E","C","50","32",".610","0.94","113.58","112.56","1.02","0.59","113.61","112.94","0.67","2018"
"15","Washington Wizards","E","SE","43","39",".524","0.59","109.96","109.41","0.55","0.53","110.00","109.49","0.50","2018"
"16","Miami Heat","E","SE","44","38",".537","0.48","107.63","107.12","0.51","0.15","107.47","107.28","0.18","2018"
"17","Los Angeles Clippers","W","P","42","40",".512","0.04","110.97","111.02","-0.05","0.15","111.06","111.00","0.07","2018"
"18","Charlotte Hornets","E","SE","36","46",".439","0.26","109.95","109.72","0.23","0.07","109.93","109.89","0.04","2018"
"19","Detroit Pistons","E","C","39","43",".476","-0.15","107.95","108.14","-0.19","-0.26","107.84","108.14","-0.30","2018"
"20","Milwaukee Bucks","E","C","44","38",".537","-0.30","110.67","110.98","-0.31","-0.45","110.70","111.16","-0.46","2018"
"21","Los Angeles Lakers","W","P","35","47",".427","-1.55","107.10","108.64","-1.54","-1.43","106.96","108.39","-1.43","2018"
"22","Dallas Mavericks","W","SW","24","58",".293","-3.04","106.92","110.00","-3.08","-2.70","106.96","109.70","-2.74","2018"
"23","New York Knicks","E","A","29","53",".354","-3.56","107.72","111.36","-3.65","-3.53","107.77","111.38","-3.61","2018"
"24","Brooklyn Nets","E","A","28","54",".341","-3.74","107.71","111.51","-3.80","-3.67","107.83","111.55","-3.72","2018"
"25","Orlando Magic","E","SE","25","57",".305","-4.82","105.83","110.85","-5.02","-4.92","105.77","110.88","-5.11","2018"
"26","Atlanta Hawks","E","SE","24","58",".293","-5.45","105.74","111.21","-5.47","-5.30","105.81","111.12","-5.31","2018"
"27","Memphis Grizzlies","W","SW","22","60",".268","-6.21","105.29","111.85","-6.57","-5.81","105.44","111.59","-6.15","2018"
"28","Chicago Bulls","E","C","27","55",".329","-7.04","104.39","111.61","-7.22","-6.84","104.46","111.47","-7.01","2018"
"29","Sacramento Kings","W","P","27","55",".329","-6.99","104.47","111.90","-7.43","-6.59","104.60","111.62","-7.02","2018"
"30","Phoenix Suns","W","P","21","61",".256","-9.37","104.25","113.51","-9.26","-8.80","104.50","113.19","-8.69","2018"
"1","Milwaukee Bucks","E","C","60","22",".732","8.87","114.23","105.76","8.47","8.05","113.89","106.23","7.66","2019"
"2","Golden State Warriors","W","P","57","25",".695","6.46","116.63","110.24","6.39","6.42","116.60","110.24","6.37","2019"
"3","Toronto Raptors","E","A","58","24",".707","6.09","113.99","108.00","5.99","5.49","113.78","108.40","5.38","2019"
"4","Utah Jazz","W","NW","50","32",".610","5.26","111.35","106.11","5.24","5.29","111.23","105.94","5.28","2019"
"5","Houston Rockets","W","SW","53","29",".646","4.77","116.25","111.43","4.82","4.97","116.45","111.43","5.03","2019"
"6","Portland Trail Blazers","W","NW","53","29",".646","4.20","115.45","111.07","4.38","4.44","115.63","111.01","4.62","2019"
"7","Denver Nuggets","W","NW","54","28",".659","3.95","113.76","109.62","4.14","4.20","113.74","109.35","4.39","2019"
"8","Boston Celtics","E","A","49","33",".598","4.44","112.78","108.35","4.43","3.90","112.57","108.69","3.88","2019"
"9","Oklahoma City Thunder","W","NW","49","33",".598","3.40","110.85","107.53","3.31","3.56","110.71","107.22","3.49","2019"
"10","Indiana Pacers","E","C","48","34",".585","3.33","110.62","107.23","3.39","2.76","110.31","107.50","2.80","2019"
"11","Philadelphia 76ers","E","A","51","31",".622","2.70","113.21","110.58","2.64","2.26","113.16","110.97","2.19","2019"
"12","San Antonio Spurs","W","SW","48","34",".585","1.68","113.30","111.55","1.75","1.81","113.30","111.42","1.88","2019"
"13","Los Angeles Clippers","W","P","48","34",".585","0.85","113.14","112.33","0.81","1.09","113.29","112.22","1.06","2019"
"14","Orlando Magic","E","SE","42","40",".512","0.71","109.46","108.82","0.65","0.28","109.26","109.05","0.21","2019"
"15","Miami Heat","E","SE","39","43",".476","-0.23","108.22","108.35","-0.13","-0.45","108.03","108.39","-0.36","2019"
"16","Brooklyn Nets","E","A","42","40",".512","-0.07","110.30","110.36","-0.06","-0.40","110.15","110.56","-0.41","2019"
"17","Detroit Pistons","E","C","41","41",".500","-0.24","109.93","110.13","-0.20","-0.55","109.86","110.38","-0.53","2019"
"18","Sacramento Kings","W","P","39","43",".476","-1.12","111.17","112.19","-1.02","-0.81","111.29","112.00","-0.71","2019"
"19","Dallas Mavericks","W","SW","33","49",".402","-1.28","110.19","111.41","-1.22","-0.86","110.29","111.08","-0.79","2019"
"20","Minnesota Timberwolves","W","NW","36","46",".439","-1.50","112.04","113.54","-1.51","-1.02","112.31","113.32","-1.01","2019"
"21","New Orleans Pelicans","W","SW","33","49",".402","-1.33","111.85","113.10","-1.25","-1.10","111.98","112.98","-1.01","2019"
"22","Los Angeles Lakers","W","P","37","45",".451","-1.72","108.52","110.18","-1.66","-1.32","108.46","109.71","-1.26","2019"
"23","Charlotte Hornets","E","SE","39","43",".476","-1.10","112.10","113.16","-1.06","-1.31","112.11","113.41","-1.30","2019"
"24","Memphis Grizzlies","W","SW","33","49",".402","-2.60","106.96","109.66","-2.70","-2.08","106.93","109.09","-2.17","2019"
"25","Washington Wizards","E","SE","32","50",".390","-2.90","111.72","114.56","-2.84","-3.30","111.72","114.97","-3.25","2019"
"26","Atlanta Hawks","E","SE","29","53",".354","-6.02","108.71","114.41","-5.70","-6.06","108.83","114.59","-5.76","2019"
"27","Chicago Bulls","E","C","22","60",".268","-8.41","105.45","113.94","-8.49","-8.32","105.49","113.90","-8.41","2019"
"28","Phoenix Suns","W","P","19","63",".232","-9.34","106.29","115.55","-9.26","-8.61","106.59","115.11","-8.52","2019"
"29","New York Knicks","E","A","17","65",".207","-9.21","105.13","114.39","-9.26","-8.92","105.31","114.30","-8.98","2019"
"30","Cleveland Cavaliers","E","C","19","63",".232","-9.61","108.50","118.54","-10.04","-9.39","108.83","118.64","-9.82","2019"
"1","Milwaukee Bucks","E","C","56","17",".767","10.08","112.98","103.36","9.62","9.41","112.69","103.73","8.96","2020"
"2","Los Angeles Clippers","W","P","49","23",".681","6.44","114.66","108.25","6.41","6.66","114.56","107.94","6.62","2020"
"3","Los Angeles Lakers","W","P","52","19",".732","5.79","112.78","107.14","5.65","6.28","112.83","106.68","6.16","2020"
"4","Toronto Raptors","E","A","53","19",".736","6.24","112.02","105.85","6.18","5.97","111.99","106.08","5.90","2020"
"5","Boston Celtics","E","A","48","24",".667","6.31","114.14","107.79","6.35","5.83","114.01","108.15","5.86","2020"
"6","Dallas Mavericks","W","SW","43","32",".573","4.95","117.50","112.53","4.97","4.87","117.41","112.52","4.90","2020"
"7","Houston Rockets","W","SW","44","28",".611","2.96","113.71","110.82","2.89","3.13","113.68","110.59","3.08","2020"
"8","Utah Jazz","W","NW","44","28",".611","2.47","113.14","110.48","2.66","2.52","113.09","110.38","2.71","2020"
"9","Miami Heat","E","SE","44","29",".603","2.95","113.29","110.36","2.93","2.59","113.22","110.65","2.58","2020"
"10","Oklahoma City Thunder","W","NW","44","28",".611","1.99","111.74","109.66","2.09","2.32","111.74","109.32","2.42","2020"
"11","Denver Nuggets","W","NW","46","27",".630","2.11","114.06","111.90","2.15","2.35","114.06","111.66","2.40","2020"
"12","Philadelphia 76ers","E","A","43","30",".589","2.38","112.09","109.77","2.32","2.25","112.15","109.97","2.18","2020"
"13","Indiana Pacers","E","C","45","28",".616","1.96","110.90","108.77","2.12","1.63","110.94","109.17","1.77","2020"
"14","Phoenix Suns","W","P","34","39",".466","0.22","112.38","112.27","0.11","0.56","112.41","111.94","0.47","2020"
"15","New Orleans Pelicans","W","SW","30","42",".417","-1.29","111.42","112.62","-1.20","-0.55","111.73","112.18","-0.46","2020"
"16","Portland Trail Blazers","W","NW","35","39",".473","-1.15","114.26","115.41","-1.15","-0.61","114.48","115.09","-0.61","2020"
"17","San Antonio Spurs","W","SW","32","39",".451","-1.11","112.98","114.17","-1.20","-0.65","113.13","113.86","-0.73","2020"
"18","Memphis Grizzlies","W","SW","34","39",".466","-1.07","109.97","110.91","-0.94","-0.91","109.87","110.65","-0.78","2020"
"19","Brooklyn Nets","E","A","35","37",".486","-0.57","109.68","110.25","-0.57","-1.01","109.63","110.64","-1.01","2020"
"20","Orlando Magic","E","SE","33","40",".452","-1.01","109.10","110.28","-1.18","-0.93","109.18","110.27","-1.09","2020"
"21","Sacramento Kings","W","P","31","41",".431","-2.04","111.09","113.03","-1.94","-1.59","111.17","112.65","-1.48","2020"
"22","Minnesota Timberwolves","W","NW","19","45",".297","-4.30","108.91","113.03","-4.12","-4.02","108.90","112.73","-3.83","2020"
"23","Chicago Bulls","E","C","22","43",".338","-3.08","107.60","110.74","-3.14","-4.00","107.22","111.29","-4.07","2020"
"24","Detroit Pistons","E","C","20","46",".303","-3.56","109.96","113.59","-3.63","-4.38","109.77","114.23","-4.45","2020"
"25","Washington Wizards","E","SE","25","47",".347","-4.67","111.69","116.16","-4.46","-5.24","111.64","116.70","-5.05","2020"
"26","New York Knicks","E","A","21","45",".318","-6.45","107.10","113.52","-6.42","-6.72","106.91","113.60","-6.70","2020"
"27","Charlotte Hornets","E","SE","23","42",".354","-6.75","107.32","114.21","-6.89","-7.04","107.38","114.56","-7.18","2020"
"28","Atlanta Hawks","E","SE","20","47",".299","-7.97","107.86","115.47","-7.61","-7.71","108.18","115.56","-7.37","2020"
"29","Cleveland Cavaliers","E","C","19","46",".292","-7.89","108.14","116.20","-8.05","-7.77","108.46","116.41","-7.94","2020"
"30","Golden State Warriors","W","P","15","50",".231","-8.71","105.93","114.66","-8.74","-8.12","105.98","114.11","-8.13","2020"
"1","Utah Jazz","W","NW","52","20",".722","9.25","118.42","108.94","9.48","8.96","118.23","109.04","9.20","2021"
"2","Los Angeles Clippers","W","P","47","25",".653","6.18","118.39","112.13","6.26","6.02","118.34","112.23","6.11","2021"
"3","Phoenix Suns","W","P","51","21",".708","5.82","118.01","112.14","5.87","5.67","117.96","112.22","5.74","2021"
"4","Milwaukee Bucks","E","C","46","26",".639","5.89","117.68","112.03","5.65","5.57","117.67","112.34","5.33","2021"
"5","Philadelphia 76ers","E","A","49","23",".681","5.58","114.13","108.51","5.62","5.28","113.96","108.66","5.30","2021"
"6","Denver Nuggets","W","NW","47","25",".653","4.93","118.04","113.01","5.03","4.82","118.02","113.10","4.92","2021"
"7","Brooklyn Nets","E","A","48","24",".667","4.50","118.91","114.40","4.52","4.24","119.00","114.76","4.24","2021"
"8","Los Angeles Lakers","W","P","42","30",".583","2.79","110.52","107.84","2.68","2.76","110.28","107.60","2.67","2021"
"9","Dallas Mavericks","W","SW","42","30",".583","2.26","116.16","113.79","2.37","2.26","116.18","113.80","2.38","2021"
"10","New York Knicks","E","A","41","31",".569","2.31","111.38","108.97","2.41","2.13","111.23","109.01","2.21","2021"
"11","Atlanta Hawks","E","SE","41","31",".569","2.32","116.28","113.89","2.38","2.14","116.33","114.14","2.19","2021"
"12","Portland Trail Blazers","W","NW","42","30",".583","1.79","118.28","116.58","1.70","1.80","118.42","116.68","1.73","2021"
"13","Boston Celtics","E","A","36","36",".500","1.46","114.66","113.29","1.37","1.32","114.69","113.47","1.22","2021"
"14","Golden State Warriors","W","P","39","33",".542","1.06","111.74","110.65","1.09","1.10","111.61","110.47","1.14","2021"
"15","Memphis Grizzlies","W","SW","38","34",".528","1.03","112.77","111.77","1.00","1.07","112.69","111.63","1.06","2021"
"16","Miami Heat","E","SE","40","32",".556","0.03","112.12","111.98","0.13","-0.06","112.09","112.06","0.03","2021"
"17","Indiana Pacers","E","C","34","38",".472","-0.04","112.98","112.96","0.02","-0.12","112.99","113.07","-0.08","2021"
"18","New Orleans Pelicans","W","SW","31","41",".431","-0.29","114.47","114.78","-0.32","-0.20","114.52","114.73","-0.21","2021"
"19","Toronto Raptors","E","A","27","45",".375","-0.47","112.96","113.44","-0.48","-0.54","113.00","113.55","-0.56","2021"
"20","Chicago Bulls","E","C","31","41",".431","-0.89","111.90","112.81","-0.91","-0.94","111.90","112.87","-0.97","2021"
"21","San Antonio Spurs","W","SW","33","39",".458","-1.74","111.61","113.35","-1.74","-1.58","111.59","113.17","-1.57","2021"
"22","Washington Wizards","E","SE","34","38",".472","-1.83","111.75","113.63","-1.88","-1.84","111.79","113.69","-1.91","2021"
"23","Charlotte Hornets","E","SE","33","39",".458","-1.93","111.62","113.69","-2.07","-1.94","111.66","113.75","-2.08","2021"
"24","Sacramento Kings","W","P","31","41",".431","-3.68","114.40","118.00","-3.60","-3.45","114.59","117.94","-3.36","2021"
"25","Detroit Pistons","E","C","20","52",".278","-4.47","108.90","113.53","-4.63","-4.38","108.93","113.48","-4.55","2021"
"26","Minnesota Timberwolves","W","NW","23","49",".319","-5.56","110.18","115.55","-5.36","-5.25","110.26","115.31","-5.05","2021"
"27","Houston Rockets","W","SW","17","55",".236","-7.90","107.85","115.69","-7.84","-7.50","107.93","115.35","-7.42","2021"
"28","Cleveland Cavaliers","E","C","22","50",".306","-8.44","106.85","115.65","-8.80","-8.19","106.96","115.51","-8.55","2021"
"29","Orlando Magic","E","SE","21","51",".292","-9.31","105.74","115.22","-9.48","-9.02","105.83","115.03","-9.20","2021"
"30","Oklahoma City Thunder","W","NW","22","50",".306","-10.64","104.32","114.80","-10.48","-10.13","104.36","114.32","-9.96","2021"
"1","Boston Celtics","E","A","51","31",".622","7.28","115.37","107.71","7.66","7.02","115.05","107.65","7.39","2022"
"2","Phoenix Suns","W","P","64","18",".780","7.50","115.65","108.17","7.48","6.94","115.41","108.50","6.91","2022"
"3","Utah Jazz","W","NW","49","33",".598","6.04","117.68","111.52","6.16","5.67","117.63","111.84","5.79","2022"
"4","Golden State Warriors","W","P","53","29",".646","5.54","113.33","107.68","5.65","5.52","113.24","107.62","5.62","2022"
"5","Memphis Grizzlies","W","SW","56","26",".683","5.68","115.50","109.94","5.56","5.37","115.38","110.14","5.24","2022"
"6","Miami Heat","E","SE","53","29",".646","4.45","114.83","110.21","4.62","4.23","114.61","110.21","4.40","2022"
"7","Dallas Mavericks","W","SW","52","30",".634","3.30","113.82","110.27","3.55","3.12","113.76","110.41","3.35","2022"
"8","Milwaukee Bucks","E","C","51","31",".622","3.35","115.86","112.56","3.31","3.22","115.86","112.67","3.18","2022"
"9","Philadelphia 76ers","E","A","51","31",".622","2.61","114.39","111.80","2.59","2.57","114.42","111.86","2.56","2022"
"10","Toronto Raptors","E","A","48","34",".585","2.29","113.93","111.55","2.38","2.37","113.86","111.40","2.46","2022"
"11","Minnesota Timberwolves","W","NW","46","36",".561","2.63","115.15","112.60","2.54","2.53","115.23","112.79","2.44","2022"
"12","Denver Nuggets","W","NW","48","34",".585","2.30","115.21","112.88","2.33","2.16","115.25","113.08","2.17","2022"
"13","Cleveland Cavaliers","E","C","44","38",".537","2.12","112.92","110.79","2.13","2.04","112.66","110.62","2.05","2022"
"14","Atlanta Hawks","E","SE","43","39",".524","1.56","117.29","115.71","1.58","1.55","117.42","115.84","1.58","2022"
"15","Brooklyn Nets","E","A","44","38",".537","0.78","114.69","113.93","0.76","0.82","114.84","114.03","0.81","2022"
"16","Charlotte Hornets","E","SE","43","39",".524","0.44","114.94","114.44","0.50","0.53","115.02","114.42","0.60","2022"
"17","New York Knicks","E","A","37","45",".451","-0.12","111.47","111.55","-0.08","-0.01","111.35","111.31","0.04","2022"
"18","Los Angeles Clippers","W","P","42","40",".512","0.02","110.86","110.92","-0.06","0.09","110.85","110.85","0.00","2022"
"19","San Antonio Spurs","W","SW","34","48",".415","0.12","113.04","113.00","0.03","0.02","113.09","113.16","-0.07","2022"
"20","Chicago Bulls","E","C","46","36",".561","-0.39","114.07","114.55","-0.48","-0.37","114.13","114.58","-0.45","2022"
"21","New Orleans Pelicans","W","SW","36","46",".439","-0.99","112.84","113.82","-0.98","-0.84","112.93","113.77","-0.84","2022"
"22","Los Angeles Lakers","W","P","33","49",".402","-3.05","111.15","114.17","-3.02","-3.08","111.22","114.30","-3.07","2022"
"23","Indiana Pacers","E","C","25","57",".305","-3.48","113.60","117.11","-3.51","-3.26","113.74","117.03","-3.28","2022"
"24","Washington Wizards","E","SE","35","47",".427","-3.38","111.72","115.33","-3.61","-3.23","111.79","115.23","-3.43","2022"
"25","Sacramento Kings","W","P","30","52",".366","-5.46","110.69","116.28","-5.59","-5.26","110.92","116.31","-5.38","2022"
"26","Detroit Pistons","E","C","23","59",".280","-7.72","106.96","114.67","-7.71","-7.35","107.02","114.36","-7.34","2022"
"27","Orlando Magic","E","SE","22","60",".268","-8.00","105.25","113.25","-8.00","-7.67","105.16","112.82","-7.66","2022"
"28","Oklahoma City Thunder","W","NW","24","58",".293","-8.10","105.25","113.42","-8.18","-7.90","105.18","113.16","-7.98","2022"
"29","Houston Rockets","W","SW","20","62",".244","-8.48","109.28","117.77","-8.49","-8.26","109.47","117.75","-8.28","2022"
"30","Portland Trail Blazers","W","NW","27","55",".329","-8.88","108.80","117.93","-9.13","-8.55","109.03","117.84","-8.81","2022"
"1","Boston Celtics","E","A","57","25",".695","6.52","118.98","112.28","6.70","6.38","119.04","112.48","6.56","2023"
"2","Cleveland Cavaliers","E","C","51","31",".622","5.38","117.31","111.69","5.62","5.23","117.31","111.84","5.47","2023"
"3","Philadelphia 76ers","E","A","54","28",".659","4.32","118.87","114.51","4.35","4.37","118.98","114.56","4.42","2023"
"4","Memphis Grizzlies","W","SW","51","31",".622","3.94","116.01","112.07","3.93","3.60","115.68","112.09","3.59","2023"
"5","Milwaukee Bucks","E","C","58","24",".707","3.63","116.13","112.64","3.49","3.61","116.12","112.64","3.48","2023"
"6","New York Knicks","E","A","47","35",".573","2.93","118.86","115.83","3.03","2.99","118.98","115.88","3.10","2023"
"7","Denver Nuggets","W","NW","53","29",".646","3.33","118.38","115.05","3.34","3.04","118.22","115.18","3.04","2023"
"8","Sacramento Kings","W","P","48","34",".585","2.65","119.97","117.48","2.49","2.30","119.86","117.72","2.14","2023"
"9","Phoenix Suns","W","P","45","37",".549","2.07","116.05","113.94","2.12","2.08","115.97","113.86","2.11","2023"
"10","Toronto Raptors","E","A","41","41",".500","1.48","116.37","114.86","1.51","1.59","116.55","114.91","1.63","2023"
"11","New Orleans Pelicans","W","SW","42","40",".512","1.89","115.26","113.38","1.88","1.63","115.00","113.38","1.61","2023"
"12","Golden State Warriors","W","P","44","38",".537","1.80","117.10","115.34","1.75","1.66","117.00","115.41","1.60","2023"
"13","Chicago Bulls","E","C","40","42",".488","1.29","114.52","113.16","1.36","1.37","114.55","113.10","1.44","2023"
"14","Brooklyn Nets","E","A","45","37",".549","0.85","116.07","115.07","1.00","1.03","116.19","115.01","1.18","2023"
"15","Oklahoma City Thunder","W","NW","40","42",".488","1.09","115.92","114.90","1.03","0.96","115.80","114.91","0.89","2023"
"16","Los Angeles Lakers","W","P","43","39",".524","0.57","115.31","114.76","0.55","0.43","115.07","114.67","0.40","2023"
"17","Atlanta Hawks","E","SE","41","41",".500","0.29","117.45","117.16","0.29","0.32","117.66","117.34","0.32","2023"
"18","Los Angeles Clippers","W","P","44","38",".537","0.50","115.91","115.40","0.51","0.31","115.67","115.37","0.31","2023"
"19","Dallas Mavericks","W","SW","38","44",".463","0.07","117.63","117.56","0.06","-0.14","117.54","117.70","-0.16","2023"
"20","Minnesota Timberwolves","W","NW","42","40",".512","-0.04","114.52","114.50","0.02","-0.22","114.26","114.43","-0.18","2023"
"21","Miami Heat","E","SE","44","38",".537","-0.32","113.99","114.40","-0.41","-0.13","114.10","114.32","-0.22","2023"
"22","Utah Jazz","W","NW","37","45",".451","-0.94","116.41","117.44","-1.02","-1.03","116.32","117.43","-1.11","2023"
"23","Washington Wizards","E","SE","35","47",".427","-1.21","115.21","116.49","-1.28","-1.06","115.39","116.50","-1.12","2023"
"24","Orlando Magic","E","SE","34","48",".415","-2.56","112.42","114.99","-2.57","-2.39","112.49","114.88","-2.39","2023"
"25","Indiana Pacers","E","C","35","47",".427","-3.18","115.65","118.81","-3.16","-2.91","115.96","118.83","-2.87","2023"
"26","Portland Trail Blazers","W","NW","33","49",".402","-4.01","115.72","119.83","-4.11","-3.96","115.72","119.79","-4.07","2023"
"27","Charlotte Hornets","E","SE","27","55",".329","-6.24","109.86","116.14","-6.28","-5.89","110.04","115.96","-5.92","2023"
"28","Houston Rockets","W","SW","22","60",".268","-7.85","112.14","120.16","-8.02","-7.62","112.21","119.99","-7.78","2023"
"29","Detroit Pistons","E","C","17","65",".207","-8.22","111.35","119.68","-8.33","-7.73","111.69","119.52","-7.83","2023"
"30","San Antonio Spurs","W","SW","22","60",".268","-10.04","111.11","120.96","-9.85","-9.82","111.14","120.79","-9.65","2023"
